{
  "amp": 0.0009048121415979575,
  "xc": 58.567850325474986,
  "yc": 45.61000594603156,
  "sx": 12.072014992422119,
  "sy": 8.660240185697381,
  "offset": 3.7373628808136704e-07,
  "fwhm_x_px": 28.42959530715409,
  "fwhm_y_px": 20.39486563731733,
  "fwhm_geom_px": 24.07940564907521,
  "center_arcsec": {
    "x": 4.2637395036945795,
    "y": 3.320408432871098
  },
  "fwhm_x_arcsec": 2.069674538360818,
  "fwhm_y_arcsec": 1.4847462183967017,
  "fwhm_geom_arcsec": 1.7529807312526753,
  "pixel_scale": 0.0728
}